Wall time,Step,Value
1726618918.2096956,0,93.93411254882812
1726618928.038691,1,66.3368148803711
1726618937.808772,2,76.27421569824219
1726618947.9956095,3,70.35523223876953
1726618957.9772408,4,44.84933853149414
1726618968.276565,5,94.28717803955078
1726618978.7121236,6,61.236427307128906
1726618989.3841872,7,115.81044006347656
1726619000.8286405,8,50.40324020385742
1726619012.1093464,9,61.96784210205078
1726619022.841591,10,883.8490600585938
1726619033.8294408,11,46.41109848022461
1726619045.0340767,12,117.84568786621094
1726619056.2731066,13,90.37702941894531
1726619067.3761377,14,137.59519958496094
1726619078.9267142,15,740.5914306640625
1726619090.5802398,16,1053.1851806640625
1726619102.175414,17,128.51882934570312
1726619114.1160655,18,158.18759155273438
1726619126.172139,19,31.861101150512695
